,index,survived,pclass,sex,age,sibsp,parch,fare,embarked,class,who,adult_male,deck,embark_town,alive,alone,adult_femail
0,0,0,3,male,22.0,1,0,7.25,S,Third,man,True,,Southampton,no,False,False
1,1,1,1,female,38.0,1,0,71.2833,C,First,woman,False,C,Cherbourg,yes,False,False
2,2,1,3,female,26.0,0,0,7.925,S,Third,woman,False,,Southampton,yes,True,False
3,3,1,1,female,35.0,1,0,53.1,S,First,woman,False,C,Southampton,yes,False,False
4,4,0,3,male,35.0,0,0,8.05,S,Third,man,True,,Southampton,no,True,False
5,6,0,1,male,54.0,0,0,51.8625,S,First,man,True,E,Southampton,no,True,False
6,7,0,3,male,2.0,3,1,21.075,S,Third,child,False,,Southampton,no,False,False
7,8,1,3,female,27.0,0,2,11.1333,S,Third,woman,False,,Southampton,yes,False,False
8,9,1,2,female,14.0,1,0,30.0708,C,Second,child,False,,Cherbourg,yes,False,False
9,10,1,3,female,4.0,1,1,16.7,S,Third,child,False,G,Southampton,yes,False,False
10,11,1,1,female,58.0,0,0,26.55,S,First,woman,False,C,Southampton,yes,True,False
11,12,0,3,male,20.0,0,0,8.05,S,Third,man,True,,Southampton,no,True,False
12,13,0,3,male,39.0,1,5,31.275,S,Third,man,True,,Southampton,no,False,False
13,14,0,3,female,14.0,0,0,7.8542,S,Third,child,False,,Southampton,no,True,False
14,15,1,2,female,55.0,0,0,16.0,S,Second,woman,False,,Southampton,yes,True,False
15,16,0,3,male,2.0,4,1,29.125,Q,Third,child,False,,Queenstown,no,False,False
16,18,0,3,female,31.0,1,0,18.0,S,Third,woman,False,,Southampton,no,False,False
17,20,0,2,male,35.0,0,0,26.0,S,Second,man,True,,Southampton,no,True,False
18,21,1,2,male,34.0,0,0,13.0,S,Second,man,True,D,Southampton,yes,True,False
19,22,1,3,female,15.0,0,0,8.0292,Q,Third,child,False,,Queenstown,yes,True,False
20,23,1,1,male,28.0,0,0,35.5,S,First,man,True,A,Southampton,yes,True,False
21,24,0,3,female,8.0,3,1,21.075,S,Third,child,False,,Southampton,no,False,False
22,25,1,3,female,38.0,1,5,31.3875,S,Third,woman,False,,Southampton,yes,False,False
23,27,0,1,male,19.0,3,2,263.0,S,First,man,True,C,Southampton,no,False,False
24,30,0,1,male,40.0,0,0,27.7208,C,First,man,True,,Cherbourg,no,True,False
25,33,0,2,male,66.0,0,0,10.5,S,Second,man,True,,Southampton,no,True,False
26,34,0,1,male,28.0,1,0,82.1708,C,First,man,True,,Cherbourg,no,False,False
27,35,0,1,male,42.0,1,0,52.0,S,First,man,True,,Southampton,no,False,False
28,37,0,3,male,21.0,0,0,8.05,S,Third,man,True,,Southampton,no,True,False
29,38,0,3,female,18.0,2,0,18.0,S,Third,woman,False,,Southampton,no,False,False
30,39,1,3,female,14.0,1,0,11.2417,C,Third,child,False,,Cherbourg,yes,False,False
31,40,0,3,female,40.0,1,0,9.475,S,Third,woman,False,,Southampton,no,False,False
32,41,0,2,female,27.0,1,0,21.0,S,Second,woman,False,,Southampton,no,False,False
33,43,1,2,female,3.0,1,2,41.5792,C,Second,child,False,,Cherbourg,yes,False,False
34,44,1,3,female,19.0,0,0,7.8792,Q,Third,woman,False,,Queenstown,yes,True,False
35,49,0,3,female,18.0,1,0,17.8,S,Third,woman,False,,Southampton,no,False,False
36,50,0,3,male,7.0,4,1,39.6875,S,Third,child,False,,Southampton,no,False,False
37,51,0,3,male,21.0,0,0,7.8,S,Third,man,True,,Southampton,no,True,False
38,52,1,1,female,49.0,1,0,76.7292,C,First,woman,False,D,Cherbourg,yes,False,False
39,53,1,2,female,29.0,1,0,26.0,S,Second,woman,False,,Southampton,yes,False,False
40,54,0,1,male,65.0,0,1,61.9792,C,First,man,True,B,Cherbourg,no,False,False
41,56,1,2,female,21.0,0,0,10.5,S,Second,woman,False,,Southampton,yes,True,False
42,57,0,3,male,28.5,0,0,7.2292,C,Third,man,True,,Cherbourg,no,True,False
43,58,1,2,female,5.0,1,2,27.75,S,Second,child,False,,Southampton,yes,False,False
44,59,0,3,male,11.0,5,2,46.9,S,Third,child,False,,Southampton,no,False,False
45,60,0,3,male,22.0,0,0,7.2292,C,Third,man,True,,Cherbourg,no,True,False
46,61,1,1,female,38.0,0,0,80.0,,First,woman,False,B,,yes,True,False
47,62,0,1,male,45.0,1,0,83.475,S,First,man,True,C,Southampton,no,False,False
48,63,0,3,male,4.0,3,2,27.9,S,Third,child,False,,Southampton,no,False,False
49,66,1,2,female,29.0,0,0,10.5,S,Second,woman,False,F,Southampton,yes,True,False
50,67,0,3,male,19.0,0,0,8.1583,S,Third,man,True,,Southampton,no,True,False
51,68,1,3,female,17.0,4,2,7.925,S,Third,woman,False,,Southampton,yes,False,False
52,69,0,3,male,26.0,2,0,8.6625,S,Third,man,True,,Southampton,no,False,False
53,70,0,2,male,32.0,0,0,10.5,S,Second,man,True,,Southampton,no,True,False
54,71,0,3,female,16.0,5,2,46.9,S,Third,woman,False,,Southampton,no,False,False
55,72,0,2,male,21.0,0,0,73.5,S,Second,man,True,,Southampton,no,True,False
56,73,0,3,male,26.0,1,0,14.4542,C,Third,man,True,,Cherbourg,no,False,False
57,74,1,3,male,32.0,0,0,56.4958,S,Third,man,True,,Southampton,yes,True,False
58,75,0,3,male,25.0,0,0,7.65,S,Third,man,True,F,Southampton,no,True,False
59,78,1,2,male,0.83,0,2,29.0,S,Second,child,False,,Southampton,yes,False,False
60,79,1,3,female,30.0,0,0,12.475,S,Third,woman,False,,Southampton,yes,True,False
61,80,0,3,male,22.0,0,0,9.0,S,Third,man,True,,Southampton,no,True,False
62,81,1,3,male,29.0,0,0,9.5,S,Third,man,True,,Southampton,yes,True,False
63,83,0,1,male,28.0,0,0,47.1,S,First,man,True,,Southampton,no,True,False
64,84,1,2,female,17.0,0,0,10.5,S,Second,woman,False,,Southampton,yes,True,False
65,85,1,3,female,33.0,3,0,15.85,S,Third,woman,False,,Southampton,yes,False,False
66,86,0,3,male,16.0,1,3,34.375,S,Third,man,True,,Southampton,no,False,False
67,88,1,1,female,23.0,3,2,263.0,S,First,woman,False,C,Southampton,yes,False,False
68,89,0,3,male,24.0,0,0,8.05,S,Third,man,True,,Southampton,no,True,False
69,90,0,3,male,29.0,0,0,8.05,S,Third,man,True,,Southampton,no,True,False
70,91,0,3,male,20.0,0,0,7.8542,S,Third,man,True,,Southampton,no,True,False
71,92,0,1,male,46.0,1,0,61.175,S,First,man,True,E,Southampton,no,False,False
72,93,0,3,male,26.0,1,2,20.575,S,Third,man,True,,Southampton,no,False,False
73,94,0,3,male,59.0,0,0,7.25,S,Third,man,True,,Southampton,no,True,False
74,96,0,1,male,71.0,0,0,34.6542,C,First,man,True,A,Cherbourg,no,True,False
75,97,1,1,male,23.0,0,1,63.3583,C,First,man,True,D,Cherbourg,yes,False,False
76,98,1,2,female,34.0,0,1,23.0,S,Second,woman,False,,Southampton,yes,False,False
77,99,0,2,male,34.0,1,0,26.0,S,Second,man,True,,Southampton,no,False,False
78,100,0,3,female,28.0,0,0,7.8958,S,Third,woman,False,,Southampton,no,True,False
79,102,0,1,male,21.0,0,1,77.2875,S,First,man,True,D,Southampton,no,False,False
80,103,0,3,male,33.0,0,0,8.6542,S,Third,man,True,,Southampton,no,True,False
81,104,0,3,male,37.0,2,0,7.925,S,Third,man,True,,Southampton,no,False,False
82,105,0,3,male,28.0,0,0,7.8958,S,Third,man,True,,Southampton,no,True,False
83,106,1,3,female,21.0,0,0,7.65,S,Third,woman,False,,Southampton,yes,True,False
84,108,0,3,male,38.0,0,0,7.8958,S,Third,man,True,,Southampton,no,True,False
85,110,0,1,male,47.0,0,0,52.0,S,First,man,True,C,Southampton,no,True,False
86,111,0,3,female,14.5,1,0,14.4542,C,Third,child,False,,Cherbourg,no,False,False
87,112,0,3,male,22.0,0,0,8.05,S,Third,man,True,,Southampton,no,True,False
88,113,0,3,female,20.0,1,0,9.825,S,Third,woman,False,,Southampton,no,False,False
89,114,0,3,female,17.0,0,0,14.4583,C,Third,woman,False,,Cherbourg,no,True,False
90,115,0,3,male,21.0,0,0,7.925,S,Third,man,True,,Southampton,no,True,False
91,116,0,3,male,70.5,0,0,7.75,Q,Third,man,True,,Queenstown,no,True,False
92,117,0,2,male,29.0,1,0,21.0,S,Second,man,True,,Southampton,no,False,False
93,118,0,1,male,24.0,0,1,247.5208,C,First,man,True,B,Cherbourg,no,False,False
94,119,0,3,female,2.0,4,2,31.275,S,Third,child,False,,Southampton,no,False,False
95,120,0,2,male,21.0,2,0,73.5,S,Second,man,True,,Southampton,no,False,False
96,122,0,2,male,32.5,1,0,30.0708,C,Second,man,True,,Cherbourg,no,False,False
97,123,1,2,female,32.5,0,0,13.0,S,Second,woman,False,E,Southampton,yes,True,False
98,124,0,1,male,54.0,0,1,77.2875,S,First,man,True,D,Southampton,no,False,False
99,125,1,3,male,12.0,1,0,11.2417,C,Third,child,False,,Cherbourg,yes,False,False
100,127,1,3,male,24.0,0,0,7.1417,S,Third,man,True,,Southampton,yes,True,False
101,129,0,3,male,45.0,0,0,6.975,S,Third,man,True,,Southampton,no,True,False
102,130,0,3,male,33.0,0,0,7.8958,C,Third,man,True,,Cherbourg,no,True,False
103,131,0,3,male,20.0,0,0,7.05,S,Third,man,True,,Southampton,no,True,False
104,132,0,3,female,47.0,1,0,14.5,S,Third,woman,False,,Southampton,no,False,False
105,133,1,2,female,29.0,1,0,26.0,S,Second,woman,False,,Southampton,yes,False,False
106,134,0,2,male,25.0,0,0,13.0,S,Second,man,True,,Southampton,no,True,False
107,135,0,2,male,23.0,0,0,15.0458,C,Second,man,True,,Cherbourg,no,True,False
108,136,1,1,female,19.0,0,2,26.2833,S,First,woman,False,D,Southampton,yes,False,False
109,137,0,1,male,37.0,1,0,53.1,S,First,man,True,C,Southampton,no,False,False
110,138,0,3,male,16.0,0,0,9.2167,S,Third,man,True,,Southampton,no,True,False
111,139,0,1,male,24.0,0,0,79.2,C,First,man,True,B,Cherbourg,no,True,False
112,141,1,3,female,22.0,0,0,7.75,S,Third,woman,False,,Southampton,yes,True,False
113,142,1,3,female,24.0,1,0,15.85,S,Third,woman,False,,Southampton,yes,False,False
114,143,0,3,male,19.0,0,0,6.75,Q,Third,man,True,,Queenstown,no,True,False
115,144,0,2,male,18.0,0,0,11.5,S,Second,man,True,,Southampton,no,True,False
116,145,0,2,male,19.0,1,1,36.75,S,Second,man,True,,Southampton,no,False,False
117,146,1,3,male,27.0,0,0,7.7958,S,Third,man,True,,Southampton,yes,True,False
118,147,0,3,female,9.0,2,2,34.375,S,Third,child,False,,Southampton,no,False,False
119,148,0,2,male,36.5,0,2,26.0,S,Second,man,True,F,Southampton,no,False,False
120,149,0,2,male,42.0,0,0,13.0,S,Second,man,True,,Southampton,no,True,False
121,150,0,2,male,51.0,0,0,12.525,S,Second,man,True,,Southampton,no,True,False
122,151,1,1,female,22.0,1,0,66.6,S,First,woman,False,C,Southampton,yes,False,False
123,152,0,3,male,55.5,0,0,8.05,S,Third,man,True,,Southampton,no,True,False
124,153,0,3,male,40.5,0,2,14.5,S,Third,man,True,,Southampton,no,False,False
125,155,0,1,male,51.0,0,1,61.3792,C,First,man,True,,Cherbourg,no,False,False
126,156,1,3,female,16.0,0,0,7.7333,Q,Third,woman,False,,Queenstown,yes,True,False
127,157,0,3,male,30.0,0,0,8.05,S,Third,man,True,,Southampton,no,True,False
128,160,0,3,male,44.0,0,1,16.1,S,Third,man,True,,Southampton,no,False,False
129,161,1,2,female,40.0,0,0,15.75,S,Second,woman,False,,Southampton,yes,True,False
130,162,0,3,male,26.0,0,0,7.775,S,Third,man,True,,Southampton,no,True,False
131,163,0,3,male,17.0,0,0,8.6625,S,Third,man,True,,Southampton,no,True,False
132,164,0,3,male,1.0,4,1,39.6875,S,Third,child,False,,Southampton,no,False,False
133,165,1,3,male,9.0,0,2,20.525,S,Third,child,False,,Southampton,yes,False,False
134,167,0,3,female,45.0,1,4,27.9,S,Third,woman,False,,Southampton,no,False,False
135,169,0,3,male,28.0,0,0,56.4958,S,Third,man,True,,Southampton,no,True,False
136,170,0,1,male,61.0,0,0,33.5,S,First,man,True,B,Southampton,no,True,False
137,171,0,3,male,4.0,4,1,29.125,Q,Third,child,False,,Queenstown,no,False,False
138,172,1,3,female,1.0,1,1,11.1333,S,Third,child,False,,Southampton,yes,False,False
139,173,0,3,male,21.0,0,0,7.925,S,Third,man,True,,Southampton,no,True,False
140,174,0,1,male,56.0,0,0,30.6958,C,First,man,True,A,Cherbourg,no,True,False
141,175,0,3,male,18.0,1,1,7.8542,S,Third,man,True,,Southampton,no,False,False
142,177,0,1,female,50.0,0,0,28.7125,C,First,woman,False,C,Cherbourg,no,True,False
143,178,0,2,male,30.0,0,0,13.0,S,Second,man,True,,Southampton,no,True,False
144,179,0,3,male,36.0,0,0,0.0,S,Third,man,True,,Southampton,no,True,False
145,182,0,3,male,9.0,4,2,31.3875,S,Third,child,False,,Southampton,no,False,False
146,183,1,2,male,1.0,2,1,39.0,S,Second,child,False,F,Southampton,yes,False,False
147,184,1,3,female,4.0,0,2,22.025,S,Third,child,False,,Southampton,yes,False,False
148,187,1,1,male,45.0,0,0,26.55,S,First,man,True,,Southampton,yes,True,False
149,188,0,3,male,40.0,1,1,15.5,Q,Third,man,True,,Queenstown,no,False,False
150,189,0,3,male,36.0,0,0,7.8958,S,Third,man,True,,Southampton,no,True,False
151,190,1,2,female,32.0,0,0,13.0,S,Second,woman,False,,Southampton,yes,True,False
152,191,0,2,male,19.0,0,0,13.0,S,Second,man,True,,Southampton,no,True,False
153,192,1,3,female,19.0,1,0,7.8542,S,Third,woman,False,,Southampton,yes,False,False
154,193,1,2,male,3.0,1,1,26.0,S,Second,child,False,F,Southampton,yes,False,False
155,194,1,1,female,44.0,0,0,27.7208,C,First,woman,False,B,Cherbourg,yes,True,False
156,195,1,1,female,58.0,0,0,146.5208,C,First,woman,False,B,Cherbourg,yes,True,False
157,197,0,3,male,42.0,0,1,8.4042,S,Third,man,True,,Southampton,no,False,False
158,199,0,2,female,24.0,0,0,13.0,S,Second,woman,False,,Southampton,no,True,False
159,200,0,3,male,28.0,0,0,9.5,S,Third,man,True,,Southampton,no,True,False
160,202,0,3,male,34.0,0,0,6.4958,S,Third,man,True,,Southampton,no,True,False
161,203,0,3,male,45.5,0,0,7.225,C,Third,man,True,,Cherbourg,no,True,False
162,204,1,3,male,18.0,0,0,8.05,S,Third,man,True,,Southampton,yes,True,False
163,205,0,3,female,2.0,0,1,10.4625,S,Third,child,False,G,Southampton,no,False,False
164,206,0,3,male,32.0,1,0,15.85,S,Third,man,True,,Southampton,no,False,False
165,207,1,3,male,26.0,0,0,18.7875,C,Third,man,True,,Cherbourg,yes,True,False
166,208,1,3,female,16.0,0,0,7.75,Q,Third,woman,False,,Queenstown,yes,True,False
167,209,1,1,male,40.0,0,0,31.0,C,First,man,True,A,Cherbourg,yes,True,False
168,210,0,3,male,24.0,0,0,7.05,S,Third,man,True,,Southampton,no,True,False
169,211,1,2,female,35.0,0,0,21.0,S,Second,woman,False,,Southampton,yes,True,False
170,212,0,3,male,22.0,0,0,7.25,S,Third,man,True,,Southampton,no,True,False
171,213,0,2,male,30.0,0,0,13.0,S,Second,man,True,,Southampton,no,True,False
172,215,1,1,female,31.0,1,0,113.275,C,First,woman,False,D,Cherbourg,yes,False,False
173,216,1,3,female,27.0,0,0,7.925,S,Third,woman,False,,Southampton,yes,True,False
174,217,0,2,male,42.0,1,0,27.0,S,Second,man,True,,Southampton,no,False,False
175,218,1,1,female,32.0,0,0,76.2917,C,First,woman,False,D,Cherbourg,yes,True,False
176,219,0,2,male,30.0,0,0,10.5,S,Second,man,True,,Southampton,no,True,False
177,220,1,3,male,16.0,0,0,8.05,S,Third,man,True,,Southampton,yes,True,False
178,221,0,2,male,27.0,0,0,13.0,S,Second,man,True,,Southampton,no,True,False
179,222,0,3,male,51.0,0,0,8.05,S,Third,man,True,,Southampton,no,True,False
180,224,1,1,male,38.0,1,0,90.0,S,First,man,True,C,Southampton,yes,False,False
181,225,0,3,male,22.0,0,0,9.35,S,Third,man,True,,Southampton,no,True,False
182,226,1,2,male,19.0,0,0,10.5,S,Second,man,True,,Southampton,yes,True,False
183,227,0,3,male,20.5,0,0,7.25,S,Third,man,True,,Southampton,no,True,False
184,228,0,2,male,18.0,0,0,13.0,S,Second,man,True,,Southampton,no,True,False
185,230,1,1,female,35.0,1,0,83.475,S,First,woman,False,C,Southampton,yes,False,False
186,231,0,3,male,29.0,0,0,7.775,S,Third,man,True,,Southampton,no,True,False
187,232,0,2,male,59.0,0,0,13.5,S,Second,man,True,,Southampton,no,True,False
188,233,1,3,female,5.0,4,2,31.3875,S,Third,child,False,,Southampton,yes,False,False
189,234,0,2,male,24.0,0,0,10.5,S,Second,man,True,,Southampton,no,True,False
190,236,0,2,male,44.0,1,0,26.0,S,Second,man,True,,Southampton,no,False,False
191,237,1,2,female,8.0,0,2,26.25,S,Second,child,False,,Southampton,yes,False,False
192,238,0,2,male,19.0,0,0,10.5,S,Second,man,True,,Southampton,no,True,False
193,239,0,2,male,33.0,0,0,12.275,S,Second,man,True,,Southampton,no,True,False
194,242,0,2,male,29.0,0,0,10.5,S,Second,man,True,,Southampton,no,True,False
195,243,0,3,male,22.0,0,0,7.125,S,Third,man,True,,Southampton,no,True,False
196,244,0,3,male,30.0,0,0,7.225,C,Third,man,True,,Cherbourg,no,True,False
197,245,0,1,male,44.0,2,0,90.0,Q,First,man,True,C,Queenstown,no,False,False
198,246,0,3,female,25.0,0,0,7.775,S,Third,woman,False,,Southampton,no,True,False
199,247,1,2,female,24.0,0,2,14.5,S,Second,woman,False,,Southampton,yes,False,False
200,248,1,1,male,37.0,1,1,52.5542,S,First,man,True,D,Southampton,yes,False,False
201,249,0,2,male,54.0,1,0,26.0,S,Second,man,True,,Southampton,no,False,False
202,251,0,3,female,29.0,1,1,10.4625,S,Third,woman,False,G,Southampton,no,False,False
203,252,0,1,male,62.0,0,0,26.55,S,First,man,True,C,Southampton,no,True,False
204,253,0,3,male,30.0,1,0,16.1,S,Third,man,True,,Southampton,no,False,False
205,254,0,3,female,41.0,0,2,20.2125,S,Third,woman,False,,Southampton,no,False,False
206,255,1,3,female,29.0,0,2,15.2458,C,Third,woman,False,,Cherbourg,yes,False,False
207,257,1,1,female,30.0,0,0,86.5,S,First,woman,False,B,Southampton,yes,True,False
208,258,1,1,female,35.0,0,0,512.3292,C,First,woman,False,,Cherbourg,yes,True,False
209,259,1,2,female,50.0,0,1,26.0,S,Second,woman,False,,Southampton,yes,False,False
210,261,1,3,male,3.0,4,2,31.3875,S,Third,child,False,,Southampton,yes,False,False
211,262,0,1,male,52.0,1,1,79.65,S,First,man,True,E,Southampton,no,False,False
212,263,0,1,male,40.0,0,0,0.0,S,First,man,True,B,Southampton,no,True,False
213,265,0,2,male,36.0,0,0,10.5,S,Second,man,True,,Southampton,no,True,False
214,266,0,3,male,16.0,4,1,39.6875,S,Third,man,True,,Southampton,no,False,False
215,267,1,3,male,25.0,1,0,7.775,S,Third,man,True,,Southampton,yes,False,False
216,268,1,1,female,58.0,0,1,153.4625,S,First,woman,False,C,Southampton,yes,False,False
217,269,1,1,female,35.0,0,0,135.6333,S,First,woman,False,C,Southampton,yes,True,False
218,271,1,3,male,25.0,0,0,0.0,S,Third,man,True,,Southampton,yes,True,False
219,272,1,2,female,41.0,0,1,19.5,S,Second,woman,False,,Southampton,yes,False,False
220,273,0,1,male,37.0,0,1,29.7,C,First,man,True,C,Cherbourg,no,False,False
221,275,1,1,female,63.0,1,0,77.9583,S,First,woman,False,D,Southampton,yes,False,False
222,276,0,3,female,45.0,0,0,7.75,S,Third,woman,False,,Southampton,no,True,False
223,278,0,3,male,7.0,4,1,29.125,Q,Third,child,False,,Queenstown,no,False,False
224,279,1,3,female,35.0,1,1,20.25,S,Third,woman,False,,Southampton,yes,False,False
225,280,0,3,male,65.0,0,0,7.75,Q,Third,man,True,,Queenstown,no,True,False
226,281,0,3,male,28.0,0,0,7.8542,S,Third,man,True,,Southampton,no,True,False
227,282,0,3,male,16.0,0,0,9.5,S,Third,man,True,,Southampton,no,True,False
228,283,1,3,male,19.0,0,0,8.05,S,Third,man,True,,Southampton,yes,True,False
229,285,0,3,male,33.0,0,0,8.6625,C,Third,man,True,,Cherbourg,no,True,False
230,286,1,3,male,30.0,0,0,9.5,S,Third,man,True,,Southampton,yes,True,False
231,287,0,3,male,22.0,0,0,7.8958,S,Third,man,True,,Southampton,no,True,False
232,288,1,2,male,42.0,0,0,13.0,S,Second,man,True,,Southampton,yes,True,False
233,289,1,3,female,22.0,0,0,7.75,Q,Third,woman,False,,Queenstown,yes,True,False
234,290,1,1,female,26.0,0,0,78.85,S,First,woman,False,,Southampton,yes,True,False
235,291,1,1,female,19.0,1,0,91.0792,C,First,woman,False,B,Cherbourg,yes,False,False
236,292,0,2,male,36.0,0,0,12.875,C,Second,man,True,D,Cherbourg,no,True,False
237,293,0,3,female,24.0,0,0,8.85,S,Third,woman,False,,Southampton,no,True,False
238,294,0,3,male,24.0,0,0,7.8958,S,Third,man,True,,Southampton,no,True,False
239,296,0,3,male,23.5,0,0,7.2292,C,Third,man,True,,Cherbourg,no,True,False
240,297,0,1,female,2.0,1,2,151.55,S,First,child,False,C,Southampton,no,False,False
241,299,1,1,female,50.0,0,1,247.5208,C,First,woman,False,B,Cherbourg,yes,False,False
242,302,0,3,male,19.0,0,0,0.0,S,Third,man,True,,Southampton,no,True,False
243,305,1,1,male,0.92,1,2,151.55,S,First,child,False,C,Southampton,yes,False,False
244,307,1,1,female,17.0,1,0,108.9,C,First,woman,False,C,Cherbourg,yes,False,False
245,308,0,2,male,30.0,1,0,24.0,C,Second,man,True,,Cherbourg,no,False,False
246,309,1,1,female,30.0,0,0,56.9292,C,First,woman,False,E,Cherbourg,yes,True,False
247,310,1,1,female,24.0,0,0,83.1583,C,First,woman,False,C,Cherbourg,yes,True,False
248,311,1,1,female,18.0,2,2,262.375,C,First,woman,False,B,Cherbourg,yes,False,False
249,312,0,2,female,26.0,1,1,26.0,S,Second,woman,False,,Southampton,no,False,False
250,313,0,3,male,28.0,0,0,7.8958,S,Third,man,True,,Southampton,no,True,False
251,314,0,2,male,43.0,1,1,26.25,S,Second,man,True,,Southampton,no,False,False
252,315,1,3,female,26.0,0,0,7.8542,S,Third,woman,False,,Southampton,yes,True,False
253,316,1,2,female,24.0,1,0,26.0,S,Second,woman,False,,Southampton,yes,False,False
254,317,0,2,male,54.0,0,0,14.0,S,Second,man,True,,Southampton,no,True,False
255,318,1,1,female,31.0,0,2,164.8667,S,First,woman,False,C,Southampton,yes,False,False
256,319,1,1,female,40.0,1,1,134.5,C,First,woman,False,E,Cherbourg,yes,False,False
257,320,0,3,male,22.0,0,0,7.25,S,Third,man,True,,Southampton,no,True,False
258,321,0,3,male,27.0,0,0,7.8958,S,Third,man,True,,Southampton,no,True,False
259,322,1,2,female,30.0,0,0,12.35,Q,Second,woman,False,,Queenstown,yes,True,False
260,323,1,2,female,22.0,1,1,29.0,S,Second,woman,False,,Southampton,yes,False,False
261,325,1,1,female,36.0,0,0,135.6333,C,First,woman,False,C,Cherbourg,yes,True,False
262,326,0,3,male,61.0,0,0,6.2375,S,Third,man,True,,Southampton,no,True,False
263,327,1,2,female,36.0,0,0,13.0,S,Second,woman,False,D,Southampton,yes,True,False
264,328,1,3,female,31.0,1,1,20.525,S,Third,woman,False,,Southampton,yes,False,False
265,329,1,1,female,16.0,0,1,57.9792,C,First,woman,False,B,Cherbourg,yes,False,False
266,331,0,1,male,45.5,0,0,28.5,S,First,man,True,C,Southampton,no,True,False
267,332,0,1,male,38.0,0,1,153.4625,S,First,man,True,C,Southampton,no,False,False
268,333,0,3,male,16.0,2,0,18.0,S,Third,man,True,,Southampton,no,False,False
269,336,0,1,male,29.0,1,0,66.6,S,First,man,True,C,Southampton,no,False,False
270,337,1,1,female,41.0,0,0,134.5,C,First,woman,False,E,Cherbourg,yes,True,False
271,338,1,3,male,45.0,0,0,8.05,S,Third,man,True,,Southampton,yes,True,False
272,339,0,1,male,45.0,0,0,35.5,S,First,man,True,,Southampton,no,True,False
273,340,1,2,male,2.0,1,1,26.0,S,Second,child,False,F,Southampton,yes,False,False
274,341,1,1,female,24.0,3,2,263.0,S,First,woman,False,C,Southampton,yes,False,False
275,342,0,2,male,28.0,0,0,13.0,S,Second,man,True,,Southampton,no,True,False
276,343,0,2,male,25.0,0,0,13.0,S,Second,man,True,,Southampton,no,True,False
277,344,0,2,male,36.0,0,0,13.0,S,Second,man,True,,Southampton,no,True,False
278,345,1,2,female,24.0,0,0,13.0,S,Second,woman,False,F,Southampton,yes,True,False
279,346,1,2,female,40.0,0,0,13.0,S,Second,woman,False,,Southampton,yes,True,False
280,348,1,3,male,3.0,1,1,15.9,S,Third,child,False,,Southampton,yes,False,False
281,349,0,3,male,42.0,0,0,8.6625,S,Third,man,True,,Southampton,no,True,False
282,350,0,3,male,23.0,0,0,9.225,S,Third,man,True,,Southampton,no,True,False
283,352,0,3,male,15.0,1,1,7.2292,C,Third,child,False,,Cherbourg,no,False,False
284,353,0,3,male,25.0,1,0,17.8,S,Third,man,True,,Southampton,no,False,False
285,355,0,3,male,28.0,0,0,9.5,S,Third,man,True,,Southampton,no,True,False
286,356,1,1,female,22.0,0,1,55.0,S,First,woman,False,E,Southampton,yes,False,False
287,357,0,2,female,38.0,0,0,13.0,S,Second,woman,False,,Southampton,no,True,False
288,360,0,3,male,40.0,1,4,27.9,S,Third,man,True,,Southampton,no,False,False
289,361,0,2,male,29.0,1,0,27.7208,C,Second,man,True,,Cherbourg,no,False,False
290,362,0,3,female,45.0,0,1,14.4542,C,Third,woman,False,,Cherbourg,no,False,False
291,363,0,3,male,35.0,0,0,7.05,S,Third,man,True,,Southampton,no,True,False
292,365,0,3,male,30.0,0,0,7.25,S,Third,man,True,,Southampton,no,True,False
293,366,1,1,female,60.0,1,0,75.25,C,First,woman,False,D,Cherbourg,yes,False,False
294,369,1,1,female,24.0,0,0,69.3,C,First,woman,False,B,Cherbourg,yes,True,False
295,370,1,1,male,25.0,1,0,55.4417,C,First,man,True,E,Cherbourg,yes,False,False
296,371,0,3,male,18.0,1,0,6.4958,S,Third,man,True,,Southampton,no,False,False
297,372,0,3,male,19.0,0,0,8.05,S,Third,man,True,,Southampton,no,True,False
298,373,0,1,male,22.0,0,0,135.6333,C,First,man,True,,Cherbourg,no,True,False
299,374,0,3,female,3.0,3,1,21.075,S,Third,child,False,,Southampton,no,False,False
300,376,1,3,female,22.0,0,0,7.25,S,Third,woman,False,,Southampton,yes,True,False
301,377,0,1,male,27.0,0,2,211.5,C,First,man,True,C,Cherbourg,no,False,False
302,378,0,3,male,20.0,0,0,4.0125,C,Third,man,True,,Cherbourg,no,True,False
303,379,0,3,male,19.0,0,0,7.775,S,Third,man,True,,Southampton,no,True,False
304,380,1,1,female,42.0,0,0,227.525,C,First,woman,False,,Cherbourg,yes,True,False
305,381,1,3,female,1.0,0,2,15.7417,C,Third,child,False,,Cherbourg,yes,False,False
306,382,0,3,male,32.0,0,0,7.925,S,Third,man,True,,Southampton,no,True,False
307,383,1,1,female,35.0,1,0,52.0,S,First,woman,False,,Southampton,yes,False,False
308,385,0,2,male,18.0,0,0,73.5,S,Second,man,True,,Southampton,no,True,False
309,386,0,3,male,1.0,5,2,46.9,S,Third,child,False,,Southampton,no,False,False
310,387,1,2,female,36.0,0,0,13.0,S,Second,woman,False,,Southampton,yes,True,False
311,389,1,2,female,17.0,0,0,12.0,C,Second,woman,False,,Cherbourg,yes,True,False
312,390,1,1,male,36.0,1,2,120.0,S,First,man,True,B,Southampton,yes,False,False
313,391,1,3,male,21.0,0,0,7.7958,S,Third,man,True,,Southampton,yes,True,False
314,392,0,3,male,28.0,2,0,7.925,S,Third,man,True,,Southampton,no,False,False
315,393,1,1,female,23.0,1,0,113.275,C,First,woman,False,D,Cherbourg,yes,False,False
316,394,1,3,female,24.0,0,2,16.7,S,Third,woman,False,G,Southampton,yes,False,False
317,395,0,3,male,22.0,0,0,7.7958,S,Third,man,True,,Southampton,no,True,False
318,396,0,3,female,31.0,0,0,7.8542,S,Third,woman,False,,Southampton,no,True,False
319,397,0,2,male,46.0,0,0,26.0,S,Second,man,True,,Southampton,no,True,False
320,398,0,2,male,23.0,0,0,10.5,S,Second,man,True,,Southampton,no,True,False
321,399,1,2,female,28.0,0,0,12.65,S,Second,woman,False,,Southampton,yes,True,False
322,400,1,3,male,39.0,0,0,7.925,S,Third,man,True,,Southampton,yes,True,False
323,401,0,3,male,26.0,0,0,8.05,S,Third,man,True,,Southampton,no,True,False
324,402,0,3,female,21.0,1,0,9.825,S,Third,woman,False,,Southampton,no,False,False
325,403,0,3,male,28.0,1,0,15.85,S,Third,man,True,,Southampton,no,False,False
326,404,0,3,female,20.0,0,0,8.6625,S,Third,woman,False,,Southampton,no,True,False
327,405,0,2,male,34.0,1,0,21.0,S,Second,man,True,,Southampton,no,False,False
328,406,0,3,male,51.0,0,0,7.75,S,Third,man,True,,Southampton,no,True,False
329,407,1,2,male,3.0,1,1,18.75,S,Second,child,False,,Southampton,yes,False,False
330,408,0,3,male,21.0,0,0,7.775,S,Third,man,True,,Southampton,no,True,False
331,412,1,1,female,33.0,1,0,90.0,Q,First,woman,False,C,Queenstown,yes,False,False
332,414,1,3,male,44.0,0,0,7.925,S,Third,man,True,,Southampton,yes,True,False
333,416,1,2,female,34.0,1,1,32.5,S,Second,woman,False,,Southampton,yes,False,False
334,417,1,2,female,18.0,0,2,13.0,S,Second,woman,False,,Southampton,yes,False,False
335,418,0,2,male,30.0,0,0,13.0,S,Second,man,True,,Southampton,no,True,False
336,419,0,3,female,10.0,0,2,24.15,S,Third,child,False,,Southampton,no,False,False
337,421,0,3,male,21.0,0,0,7.7333,Q,Third,man,True,,Queenstown,no,True,False
338,422,0,3,male,29.0,0,0,7.875,S,Third,man,True,,Southampton,no,True,False
339,423,0,3,female,28.0,1,1,14.4,S,Third,woman,False,,Southampton,no,False,False
340,424,0,3,male,18.0,1,1,20.2125,S,Third,man,True,,Southampton,no,False,False
341,426,1,2,female,28.0,1,0,26.0,S,Second,woman,False,,Southampton,yes,False,False
342,427,1,2,female,19.0,0,0,26.0,S,Second,woman,False,,Southampton,yes,True,False
343,429,1,3,male,32.0,0,0,8.05,S,Third,man,True,E,Southampton,yes,True,False
344,430,1,1,male,28.0,0,0,26.55,S,First,man,True,C,Southampton,yes,True,False
345,432,1,2,female,42.0,1,0,26.0,S,Second,woman,False,,Southampton,yes,False,False
346,433,0,3,male,17.0,0,0,7.125,S,Third,man,True,,Southampton,no,True,False
347,434,0,1,male,50.0,1,0,55.9,S,First,man,True,E,Southampton,no,False,False
348,435,1,1,female,14.0,1,2,120.0,S,First,child,False,B,Southampton,yes,False,False
349,436,0,3,female,21.0,2,2,34.375,S,Third,woman,False,,Southampton,no,False,False
350,437,1,2,female,24.0,2,3,18.75,S,Second,woman,False,,Southampton,yes,False,False
351,438,0,1,male,64.0,1,4,263.0,S,First,man,True,C,Southampton,no,False,False
352,439,0,2,male,31.0,0,0,10.5,S,Second,man,True,,Southampton,no,True,False
353,440,1,2,female,45.0,1,1,26.25,S,Second,woman,False,,Southampton,yes,False,False
354,441,0,3,male,20.0,0,0,9.5,S,Third,man,True,,Southampton,no,True,False
355,442,0,3,male,25.0,1,0,7.775,S,Third,man,True,,Southampton,no,False,False
356,443,1,2,female,28.0,0,0,13.0,S,Second,woman,False,,Southampton,yes,True,False
357,445,1,1,male,4.0,0,2,81.8583,S,First,child,False,A,Southampton,yes,False,False
358,446,1,2,female,13.0,0,1,19.5,S,Second,child,False,,Southampton,yes,False,False
359,447,1,1,male,34.0,0,0,26.55,S,First,man,True,,Southampton,yes,True,False
360,448,1,3,female,5.0,2,1,19.2583,C,Third,child,False,,Cherbourg,yes,False,False
361,449,1,1,male,52.0,0,0,30.5,S,First,man,True,C,Southampton,yes,True,False
362,450,0,2,male,36.0,1,2,27.75,S,Second,man,True,,Southampton,no,False,False
363,452,0,1,male,30.0,0,0,27.75,C,First,man,True,C,Cherbourg,no,True,False
364,453,1,1,male,49.0,1,0,89.1042,C,First,man,True,C,Cherbourg,yes,False,False
365,455,1,3,male,29.0,0,0,7.8958,C,Third,man,True,,Cherbourg,yes,True,False
366,456,0,1,male,65.0,0,0,26.55,S,First,man,True,E,Southampton,no,True,False
367,458,1,2,female,50.0,0,0,10.5,S,Second,woman,False,,Southampton,yes,True,False
368,460,1,1,male,48.0,0,0,26.55,S,First,man,True,E,Southampton,yes,True,False
369,461,0,3,male,34.0,0,0,8.05,S,Third,man,True,,Southampton,no,True,False
370,462,0,1,male,47.0,0,0,38.5,S,First,man,True,E,Southampton,no,True,False
371,463,0,2,male,48.0,0,0,13.0,S,Second,man,True,,Southampton,no,True,False
372,465,0,3,male,38.0,0,0,7.05,S,Third,man,True,,Southampton,no,True,False
373,467,0,1,male,56.0,0,0,26.55,S,First,man,True,,Southampton,no,True,False
374,469,1,3,female,0.75,2,1,19.2583,C,Third,child,False,,Cherbourg,yes,False,False
375,471,0,3,male,38.0,0,0,8.6625,S,Third,man,True,,Southampton,no,True,False
376,472,1,2,female,33.0,1,2,27.75,S,Second,woman,False,,Southampton,yes,False,False
377,473,1,2,female,23.0,0,0,13.7917,C,Second,woman,False,D,Cherbourg,yes,True,False
378,474,0,3,female,22.0,0,0,9.8375,S,Third,woman,False,,Southampton,no,True,False
379,476,0,2,male,34.0,1,0,21.0,S,Second,man,True,,Southampton,no,False,False
380,477,0,3,male,29.0,1,0,7.0458,S,Third,man,True,,Southampton,no,False,False
381,478,0,3,male,22.0,0,0,7.5208,S,Third,man,True,,Southampton,no,True,False
382,479,1,3,female,2.0,0,1,12.2875,S,Third,child,False,,Southampton,yes,False,False
383,480,0,3,male,9.0,5,2,46.9,S,Third,child,False,,Southampton,no,False,False
384,482,0,3,male,50.0,0,0,8.05,S,Third,man,True,,Southampton,no,True,False
385,483,1,3,female,63.0,0,0,9.5875,S,Third,woman,False,,Southampton,yes,True,False
386,484,1,1,male,25.0,1,0,91.0792,C,First,man,True,B,Cherbourg,yes,False,False
387,486,1,1,female,35.0,1,0,90.0,S,First,woman,False,C,Southampton,yes,False,False
388,487,0,1,male,58.0,0,0,29.7,C,First,man,True,B,Cherbourg,no,True,False
389,488,0,3,male,30.0,0,0,8.05,S,Third,man,True,,Southampton,no,True,False
390,489,1,3,male,9.0,1,1,15.9,S,Third,child,False,,Southampton,yes,False,False
391,491,0,3,male,21.0,0,0,7.25,S,Third,man,True,,Southampton,no,True,False
392,492,0,1,male,55.0,0,0,30.5,S,First,man,True,C,Southampton,no,True,False
393,493,0,1,male,71.0,0,0,49.5042,C,First,man,True,,Cherbourg,no,True,False
394,494,0,3,male,21.0,0,0,8.05,S,Third,man,True,,Southampton,no,True,False
395,496,1,1,female,54.0,1,0,78.2667,C,First,woman,False,D,Cherbourg,yes,False,False
396,498,0,1,female,25.0,1,2,151.55,S,First,woman,False,C,Southampton,no,False,False
397,499,0,3,male,24.0,0,0,7.7958,S,Third,man,True,,Southampton,no,True,False
398,500,0,3,male,17.0,0,0,8.6625,S,Third,man,True,,Southampton,no,True,False
399,501,0,3,female,21.0,0,0,7.75,Q,Third,woman,False,,Queenstown,no,True,False
400,503,0,3,female,37.0,0,0,9.5875,S,Third,woman,False,,Southampton,no,True,False
401,504,1,1,female,16.0,0,0,86.5,S,First,woman,False,B,Southampton,yes,True,False
402,505,0,1,male,18.0,1,0,108.9,C,First,man,True,C,Cherbourg,no,False,False
403,506,1,2,female,33.0,0,2,26.0,S,Second,woman,False,,Southampton,yes,False,False
404,508,0,3,male,28.0,0,0,22.525,S,Third,man,True,,Southampton,no,True,False
405,509,1,3,male,26.0,0,0,56.4958,S,Third,man,True,,Southampton,yes,True,False
406,510,1,3,male,29.0,0,0,7.75,Q,Third,man,True,,Queenstown,yes,True,False
407,512,1,1,male,36.0,0,0,26.2875,S,First,man,True,E,Southampton,yes,True,False
408,513,1,1,female,54.0,1,0,59.4,C,First,woman,False,,Cherbourg,yes,False,False
409,514,0,3,male,24.0,0,0,7.4958,S,Third,man,True,,Southampton,no,True,False
410,515,0,1,male,47.0,0,0,34.0208,S,First,man,True,D,Southampton,no,True,False
411,516,1,2,female,34.0,0,0,10.5,S,Second,woman,False,F,Southampton,yes,True,False
412,518,1,2,female,36.0,1,0,26.0,S,Second,woman,False,,Southampton,yes,False,False
413,519,0,3,male,32.0,0,0,7.8958,S,Third,man,True,,Southampton,no,True,False
414,520,1,1,female,30.0,0,0,93.5,S,First,woman,False,B,Southampton,yes,True,False
415,521,0,3,male,22.0,0,0,7.8958,S,Third,man,True,,Southampton,no,True,False
416,523,1,1,female,44.0,0,1,57.9792,C,First,woman,False,B,Cherbourg,yes,False,False
417,525,0,3,male,40.5,0,0,7.75,Q,Third,man,True,,Queenstown,no,True,False
418,526,1,2,female,50.0,0,0,10.5,S,Second,woman,False,,Southampton,yes,True,False
419,528,0,3,male,39.0,0,0,7.925,S,Third,man,True,,Southampton,no,True,False
420,529,0,2,male,23.0,2,1,11.5,S,Second,man,True,,Southampton,no,False,False
421,530,1,2,female,2.0,1,1,26.0,S,Second,child,False,,Southampton,yes,False,False
422,532,0,3,male,17.0,1,1,7.2292,C,Third,man,True,,Cherbourg,no,False,False
423,534,0,3,female,30.0,0,0,8.6625,S,Third,woman,False,,Southampton,no,True,False
424,535,1,2,female,7.0,0,2,26.25,S,Second,child,False,,Southampton,yes,False,False
425,536,0,1,male,45.0,0,0,26.55,S,First,man,True,B,Southampton,no,True,False
426,537,1,1,female,30.0,0,0,106.425,C,First,woman,False,,Cherbourg,yes,True,False
427,539,1,1,female,22.0,0,2,49.5,C,First,woman,False,B,Cherbourg,yes,False,False
428,540,1,1,female,36.0,0,2,71.0,S,First,woman,False,B,Southampton,yes,False,False
429,541,0,3,female,9.0,4,2,31.275,S,Third,child,False,,Southampton,no,False,False
430,542,0,3,female,11.0,4,2,31.275,S,Third,child,False,,Southampton,no,False,False
431,543,1,2,male,32.0,1,0,26.0,S,Second,man,True,,Southampton,yes,False,False
432,544,0,1,male,50.0,1,0,106.425,C,First,man,True,C,Cherbourg,no,False,False
433,545,0,1,male,64.0,0,0,26.0,S,First,man,True,,Southampton,no,True,False
434,546,1,2,female,19.0,1,0,26.0,S,Second,woman,False,,Southampton,yes,False,False
435,548,0,3,male,33.0,1,1,20.525,S,Third,man,True,,Southampton,no,False,False
436,549,1,2,male,8.0,1,1,36.75,S,Second,child,False,,Southampton,yes,False,False
437,550,1,1,male,17.0,0,2,110.8833,C,First,man,True,C,Cherbourg,yes,False,False
438,551,0,2,male,27.0,0,0,26.0,S,Second,man,True,,Southampton,no,True,False
439,553,1,3,male,22.0,0,0,7.225,C,Third,man,True,,Cherbourg,yes,True,False
440,554,1,3,female,22.0,0,0,7.775,S,Third,woman,False,,Southampton,yes,True,False
441,555,0,1,male,62.0,0,0,26.55,S,First,man,True,,Southampton,no,True,False
442,556,1,1,female,48.0,1,0,39.6,C,First,woman,False,A,Cherbourg,yes,False,False
443,558,1,1,female,39.0,1,1,79.65,S,First,woman,False,E,Southampton,yes,False,False
444,559,1,3,female,36.0,1,0,17.4,S,Third,woman,False,,Southampton,yes,False,False
445,561,0,3,male,40.0,0,0,7.8958,S,Third,man,True,,Southampton,no,True,False
446,562,0,2,male,28.0,0,0,13.5,S,Second,man,True,,Southampton,no,True,False
447,565,0,3,male,24.0,2,0,24.15,S,Third,man,True,,Southampton,no,False,False
448,566,0,3,male,19.0,0,0,7.8958,S,Third,man,True,,Southampton,no,True,False
449,567,0,3,female,29.0,0,4,21.075,S,Third,woman,False,,Southampton,no,False,False
450,569,1,3,male,32.0,0,0,7.8542,S,Third,man,True,,Southampton,yes,True,False
451,570,1,2,male,62.0,0,0,10.5,S,Second,man,True,,Southampton,yes,True,False
452,571,1,1,female,53.0,2,0,51.4792,S,First,woman,False,C,Southampton,yes,False,False
453,572,1,1,male,36.0,0,0,26.3875,S,First,man,True,E,Southampton,yes,True,False
454,574,0,3,male,16.0,0,0,8.05,S,Third,man,True,,Southampton,no,True,False
455,575,0,3,male,19.0,0,0,14.5,S,Third,man,True,,Southampton,no,True,False
456,576,1,2,female,34.0,0,0,13.0,S,Second,woman,False,,Southampton,yes,True,False
457,577,1,1,female,39.0,1,0,55.9,S,First,woman,False,E,Southampton,yes,False,False
458,579,1,3,male,32.0,0,0,7.925,S,Third,man,True,,Southampton,yes,True,False
459,580,1,2,female,25.0,1,1,30.0,S,Second,woman,False,,Southampton,yes,False,False
460,581,1,1,female,39.0,1,1,110.8833,C,First,woman,False,C,Cherbourg,yes,False,False
461,582,0,2,male,54.0,0,0,26.0,S,Second,man,True,,Southampton,no,True,False
462,583,0,1,male,36.0,0,0,40.125,C,First,man,True,A,Cherbourg,no,True,False
463,585,1,1,female,18.0,0,2,79.65,S,First,woman,False,E,Southampton,yes,False,False
464,586,0,2,male,47.0,0,0,15.0,S,Second,man,True,,Southampton,no,True,False
465,587,1,1,male,60.0,1,1,79.2,C,First,man,True,B,Cherbourg,yes,False,False
466,588,0,3,male,22.0,0,0,8.05,S,Third,man,True,,Southampton,no,True,False
467,590,0,3,male,35.0,0,0,7.125,S,Third,man,True,,Southampton,no,True,False
468,591,1,1,female,52.0,1,0,78.2667,C,First,woman,False,D,Cherbourg,yes,False,False
469,592,0,3,male,47.0,0,0,7.25,S,Third,man,True,,Southampton,no,True,False
470,594,0,2,male,37.0,1,0,26.0,S,Second,man,True,,Southampton,no,False,False
471,595,0,3,male,36.0,1,1,24.15,S,Third,man,True,,Southampton,no,False,False
472,597,0,3,male,49.0,0,0,0.0,S,Third,man,True,,Southampton,no,True,False
473,599,1,1,male,49.0,1,0,56.9292,C,First,man,True,A,Cherbourg,yes,False,False
474,600,1,2,female,24.0,2,1,27.0,S,Second,woman,False,,Southampton,yes,False,False
475,603,0,3,male,44.0,0,0,8.05,S,Third,man,True,,Southampton,no,True,False
476,604,1,1,male,35.0,0,0,26.55,C,First,man,True,,Cherbourg,yes,True,False
477,605,0,3,male,36.0,1,0,15.55,S,Third,man,True,,Southampton,no,False,False
478,606,0,3,male,30.0,0,0,7.8958,S,Third,man,True,,Southampton,no,True,False
479,607,1,1,male,27.0,0,0,30.5,S,First,man,True,,Southampton,yes,True,False
480,608,1,2,female,22.0,1,2,41.5792,C,Second,woman,False,,Cherbourg,yes,False,False
481,609,1,1,female,40.0,0,0,153.4625,S,First,woman,False,C,Southampton,yes,True,False
482,610,0,3,female,39.0,1,5,31.275,S,Third,woman,False,,Southampton,no,False,False
483,614,0,3,male,35.0,0,0,8.05,S,Third,man,True,,Southampton,no,True,False
484,615,1,2,female,24.0,1,2,65.0,S,Second,woman,False,,Southampton,yes,False,False
485,616,0,3,male,34.0,1,1,14.4,S,Third,man,True,,Southampton,no,False,False
486,617,0,3,female,26.0,1,0,16.1,S,Third,woman,False,,Southampton,no,False,False
487,618,1,2,female,4.0,2,1,39.0,S,Second,child,False,F,Southampton,yes,False,False
488,619,0,2,male,26.0,0,0,10.5,S,Second,man,True,,Southampton,no,True,False
489,620,0,3,male,27.0,1,0,14.4542,C,Third,man,True,,Cherbourg,no,False,False
490,621,1,1,male,42.0,1,0,52.5542,S,First,man,True,D,Southampton,yes,False,False
491,622,1,3,male,20.0,1,1,15.7417,C,Third,man,True,,Cherbourg,yes,False,False
492,623,0,3,male,21.0,0,0,7.8542,S,Third,man,True,,Southampton,no,True,False
493,624,0,3,male,21.0,0,0,16.1,S,Third,man,True,,Southampton,no,True,False
494,625,0,1,male,61.0,0,0,32.3208,S,First,man,True,D,Southampton,no,True,False
495,626,0,2,male,57.0,0,0,12.35,Q,Second,man,True,,Queenstown,no,True,False
496,627,1,1,female,21.0,0,0,77.9583,S,First,woman,False,D,Southampton,yes,True,False
497,628,0,3,male,26.0,0,0,7.8958,S,Third,man,True,,Southampton,no,True,False
498,630,1,1,male,80.0,0,0,30.0,S,First,man,True,A,Southampton,yes,True,False
499,631,0,3,male,51.0,0,0,7.0542,S,Third,man,True,,Southampton,no,True,False
500,632,1,1,male,32.0,0,0,30.5,C,First,man,True,B,Cherbourg,yes,True,False
501,634,0,3,female,9.0,3,2,27.9,S,Third,child,False,,Southampton,no,False,False
502,635,1,2,female,28.0,0,0,13.0,S,Second,woman,False,,Southampton,yes,True,False
503,636,0,3,male,32.0,0,0,7.925,S,Third,man,True,,Southampton,no,True,False
504,637,0,2,male,31.0,1,1,26.25,S,Second,man,True,,Southampton,no,False,False
505,638,0,3,female,41.0,0,5,39.6875,S,Third,woman,False,,Southampton,no,False,False
506,640,0,3,male,20.0,0,0,7.8542,S,Third,man,True,,Southampton,no,True,False
507,641,1,1,female,24.0,0,0,69.3,C,First,woman,False,B,Cherbourg,yes,True,False
508,642,0,3,female,2.0,3,2,27.9,S,Third,child,False,,Southampton,no,False,False
509,644,1,3,female,0.75,2,1,19.2583,C,Third,child,False,,Cherbourg,yes,False,False
510,645,1,1,male,48.0,1,0,76.7292,C,First,man,True,D,Cherbourg,yes,False,False
511,646,0,3,male,19.0,0,0,7.8958,S,Third,man,True,,Southampton,no,True,False
512,647,1,1,male,56.0,0,0,35.5,C,First,man,True,A,Cherbourg,yes,True,False
513,649,1,3,female,23.0,0,0,7.55,S,Third,woman,False,,Southampton,yes,True,False
514,651,1,2,female,18.0,0,1,23.0,S,Second,woman,False,,Southampton,yes,False,False
515,652,0,3,male,21.0,0,0,8.4333,S,Third,man,True,,Southampton,no,True,False
516,654,0,3,female,18.0,0,0,6.75,Q,Third,woman,False,,Queenstown,no,True,False
517,655,0,2,male,24.0,2,0,73.5,S,Second,man,True,,Southampton,no,False,False
518,657,0,3,female,32.0,1,1,15.5,Q,Third,woman,False,,Queenstown,no,False,False
519,658,0,2,male,23.0,0,0,13.0,S,Second,man,True,,Southampton,no,True,False
520,659,0,1,male,58.0,0,2,113.275,C,First,man,True,D,Cherbourg,no,False,False
521,660,1,1,male,50.0,2,0,133.65,S,First,man,True,,Southampton,yes,False,False
522,661,0,3,male,40.0,0,0,7.225,C,Third,man,True,,Cherbourg,no,True,False
523,662,0,1,male,47.0,0,0,25.5875,S,First,man,True,E,Southampton,no,True,False
524,663,0,3,male,36.0,0,0,7.4958,S,Third,man,True,,Southampton,no,True,False
525,664,1,3,male,20.0,1,0,7.925,S,Third,man,True,,Southampton,yes,False,False
526,665,0,2,male,32.0,2,0,73.5,S,Second,man,True,,Southampton,no,False,False
527,666,0,2,male,25.0,0,0,13.0,S,Second,man,True,,Southampton,no,True,False
528,668,0,3,male,43.0,0,0,8.05,S,Third,man,True,,Southampton,no,True,False
529,670,1,2,female,40.0,1,1,39.0,S,Second,woman,False,,Southampton,yes,False,False
530,671,0,1,male,31.0,1,0,52.0,S,First,man,True,B,Southampton,no,False,False
531,672,0,2,male,70.0,0,0,10.5,S,Second,man,True,,Southampton,no,True,False
532,673,1,2,male,31.0,0,0,13.0,S,Second,man,True,,Southampton,yes,True,False
533,675,0,3,male,18.0,0,0,7.775,S,Third,man,True,,Southampton,no,True,False
534,676,0,3,male,24.5,0,0,8.05,S,Third,man,True,,Southampton,no,True,False
535,677,1,3,female,18.0,0,0,9.8417,S,Third,woman,False,,Southampton,yes,True,False
536,678,0,3,female,43.0,1,6,46.9,S,Third,woman,False,,Southampton,no,False,False
537,679,1,1,male,36.0,0,1,512.3292,C,First,man,True,B,Cherbourg,yes,False,False
538,681,1,1,male,27.0,0,0,76.7292,C,First,man,True,D,Cherbourg,yes,True,False
539,682,0,3,male,20.0,0,0,9.225,S,Third,man,True,,Southampton,no,True,False
540,683,0,3,male,14.0,5,2,46.9,S,Third,child,False,,Southampton,no,False,False
541,684,0,2,male,60.0,1,1,39.0,S,Second,man,True,,Southampton,no,False,False
542,685,0,2,male,25.0,1,2,41.5792,C,Second,man,True,,Cherbourg,no,False,False
543,686,0,3,male,14.0,4,1,39.6875,S,Third,child,False,,Southampton,no,False,False
544,687,0,3,male,19.0,0,0,10.1708,S,Third,man,True,,Southampton,no,True,False
545,688,0,3,male,18.0,0,0,7.7958,S,Third,man,True,,Southampton,no,True,False
546,689,1,1,female,15.0,0,1,211.3375,S,First,child,False,B,Southampton,yes,False,False
547,690,1,1,male,31.0,1,0,57.0,S,First,man,True,B,Southampton,yes,False,False
548,691,1,3,female,4.0,0,1,13.4167,C,Third,child,False,,Cherbourg,yes,False,False
549,693,0,3,male,25.0,0,0,7.225,C,Third,man,True,,Cherbourg,no,True,False
550,694,0,1,male,60.0,0,0,26.55,S,First,man,True,,Southampton,no,True,False
551,695,0,2,male,52.0,0,0,13.5,S,Second,man,True,,Southampton,no,True,False
552,696,0,3,male,44.0,0,0,8.05,S,Third,man,True,,Southampton,no,True,False
553,698,0,1,male,49.0,1,1,110.8833,C,First,man,True,C,Cherbourg,no,False,False
554,699,0,3,male,42.0,0,0,7.65,S,Third,man,True,F,Southampton,no,True,False
555,700,1,1,female,18.0,1,0,227.525,C,First,woman,False,C,Cherbourg,yes,False,False
556,701,1,1,male,35.0,0,0,26.2875,S,First,man,True,E,Southampton,yes,True,False
557,702,0,3,female,18.0,0,1,14.4542,C,Third,woman,False,,Cherbourg,no,False,False
558,703,0,3,male,25.0,0,0,7.7417,Q,Third,man,True,,Queenstown,no,True,False
559,704,0,3,male,26.0,1,0,7.8542,S,Third,man,True,,Southampton,no,False,False
560,705,0,2,male,39.0,0,0,26.0,S,Second,man,True,,Southampton,no,True,False
561,706,1,2,female,45.0,0,0,13.5,S,Second,woman,False,,Southampton,yes,True,False
562,707,1,1,male,42.0,0,0,26.2875,S,First,man,True,E,Southampton,yes,True,False
563,708,1,1,female,22.0,0,0,151.55,S,First,woman,False,,Southampton,yes,True,False
564,710,1,1,female,24.0,0,0,49.5042,C,First,woman,False,C,Cherbourg,yes,True,False
565,712,1,1,male,48.0,1,0,52.0,S,First,man,True,C,Southampton,yes,False,False
566,713,0,3,male,29.0,0,0,9.4833,S,Third,man,True,,Southampton,no,True,False
567,714,0,2,male,52.0,0,0,13.0,S,Second,man,True,,Southampton,no,True,False
568,715,0,3,male,19.0,0,0,7.65,S,Third,man,True,F,Southampton,no,True,False
569,716,1,1,female,38.0,0,0,227.525,C,First,woman,False,C,Cherbourg,yes,True,False
570,717,1,2,female,27.0,0,0,10.5,S,Second,woman,False,E,Southampton,yes,True,False
571,719,0,3,male,33.0,0,0,7.775,S,Third,man,True,,Southampton,no,True,False
572,720,1,2,female,6.0,0,1,33.0,S,Second,child,False,,Southampton,yes,False,False
573,721,0,3,male,17.0,1,0,7.0542,S,Third,man,True,,Southampton,no,False,False
574,722,0,2,male,34.0,0,0,13.0,S,Second,man,True,,Southampton,no,True,False
575,723,0,2,male,50.0,0,0,13.0,S,Second,man,True,,Southampton,no,True,False
576,724,1,1,male,27.0,1,0,53.1,S,First,man,True,E,Southampton,yes,False,False
577,725,0,3,male,20.0,0,0,8.6625,S,Third,man,True,,Southampton,no,True,False
578,726,1,2,female,30.0,3,0,21.0,S,Second,woman,False,,Southampton,yes,False,False
579,728,0,2,male,25.0,1,0,26.0,S,Second,man,True,,Southampton,no,False,False
580,729,0,3,female,25.0,1,0,7.925,S,Third,woman,False,,Southampton,no,False,False
581,730,1,1,female,29.0,0,0,211.3375,S,First,woman,False,B,Southampton,yes,True,False
582,731,0,3,male,11.0,0,0,18.7875,C,Third,child,False,,Cherbourg,no,True,False
583,733,0,2,male,23.0,0,0,13.0,S,Second,man,True,,Southampton,no,True,False
584,734,0,2,male,23.0,0,0,13.0,S,Second,man,True,,Southampton,no,True,False
585,735,0,3,male,28.5,0,0,16.1,S,Third,man,True,,Southampton,no,True,False
586,736,0,3,female,48.0,1,3,34.375,S,Third,woman,False,,Southampton,no,False,False
587,737,1,1,male,35.0,0,0,512.3292,C,First,man,True,B,Cherbourg,yes,True,False
588,741,0,1,male,36.0,1,0,78.85,S,First,man,True,C,Southampton,no,False,False
589,742,1,1,female,21.0,2,2,262.375,C,First,woman,False,B,Cherbourg,yes,False,False
590,743,0,3,male,24.0,1,0,16.1,S,Third,man,True,,Southampton,no,False,False
591,744,1,3,male,31.0,0,0,7.925,S,Third,man,True,,Southampton,yes,True,False
592,745,0,1,male,70.0,1,1,71.0,S,First,man,True,B,Southampton,no,False,False
593,746,0,3,male,16.0,1,1,20.25,S,Third,man,True,,Southampton,no,False,False
594,747,1,2,female,30.0,0,0,13.0,S,Second,woman,False,,Southampton,yes,True,False
595,748,0,1,male,19.0,1,0,53.1,S,First,man,True,D,Southampton,no,False,False
596,749,0,3,male,31.0,0,0,7.75,Q,Third,man,True,,Queenstown,no,True,False
597,750,1,2,female,4.0,1,1,23.0,S,Second,child,False,,Southampton,yes,False,False
598,751,1,3,male,6.0,0,1,12.475,S,Third,child,False,E,Southampton,yes,False,False
599,752,0,3,male,33.0,0,0,9.5,S,Third,man,True,,Southampton,no,True,False
600,753,0,3,male,23.0,0,0,7.8958,S,Third,man,True,,Southampton,no,True,False
601,754,1,2,female,48.0,1,2,65.0,S,Second,woman,False,,Southampton,yes,False,False
602,755,1,2,male,0.67,1,1,14.5,S,Second,child,False,,Southampton,yes,False,False
603,756,0,3,male,28.0,0,0,7.7958,S,Third,man,True,,Southampton,no,True,False
604,757,0,2,male,18.0,0,0,11.5,S,Second,man,True,,Southampton,no,True,False
605,758,0,3,male,34.0,0,0,8.05,S,Third,man,True,,Southampton,no,True,False
606,759,1,1,female,33.0,0,0,86.5,S,First,woman,False,B,Southampton,yes,True,False
607,761,0,3,male,41.0,0,0,7.125,S,Third,man,True,,Southampton,no,True,False
608,762,1,3,male,20.0,0,0,7.2292,C,Third,man,True,,Cherbourg,yes,True,False
609,763,1,1,female,36.0,1,2,120.0,S,First,woman,False,B,Southampton,yes,False,False
610,764,0,3,male,16.0,0,0,7.775,S,Third,man,True,,Southampton,no,True,False
611,765,1,1,female,51.0,1,0,77.9583,S,First,woman,False,D,Southampton,yes,False,False
612,767,0,3,female,30.5,0,0,7.75,Q,Third,woman,False,,Queenstown,no,True,False
613,769,0,3,male,32.0,0,0,8.3625,S,Third,man,True,,Southampton,no,True,False
614,770,0,3,male,24.0,0,0,9.5,S,Third,man,True,,Southampton,no,True,False
615,771,0,3,male,48.0,0,0,7.8542,S,Third,man,True,,Southampton,no,True,False
616,772,0,2,female,57.0,0,0,10.5,S,Second,woman,False,E,Southampton,no,True,False
617,774,1,2,female,54.0,1,3,23.0,S,Second,woman,False,,Southampton,yes,False,False
618,775,0,3,male,18.0,0,0,7.75,S,Third,man,True,,Southampton,no,True,False
619,777,1,3,female,5.0,0,0,12.475,S,Third,child,False,,Southampton,yes,True,False
620,779,1,1,female,43.0,0,1,211.3375,S,First,woman,False,B,Southampton,yes,False,False
621,780,1,3,female,13.0,0,0,7.2292,C,Third,child,False,,Cherbourg,yes,True,False
622,781,1,1,female,17.0,1,0,57.0,S,First,woman,False,B,Southampton,yes,False,False
623,782,0,1,male,29.0,0,0,30.0,S,First,man,True,D,Southampton,no,True,False
624,784,0,3,male,25.0,0,0,7.05,S,Third,man,True,,Southampton,no,True,False
625,785,0,3,male,25.0,0,0,7.25,S,Third,man,True,,Southampton,no,True,False
626,786,1,3,female,18.0,0,0,7.4958,S,Third,woman,False,,Southampton,yes,True,False
627,787,0,3,male,8.0,4,1,29.125,Q,Third,child,False,,Queenstown,no,False,False
628,788,1,3,male,1.0,1,2,20.575,S,Third,child,False,,Southampton,yes,False,False
629,789,0,1,male,46.0,0,0,79.2,C,First,man,True,B,Cherbourg,no,True,False
630,791,0,2,male,16.0,0,0,26.0,S,Second,man,True,,Southampton,no,True,False
631,794,0,3,male,25.0,0,0,7.8958,S,Third,man,True,,Southampton,no,True,False
632,795,0,2,male,39.0,0,0,13.0,S,Second,man,True,,Southampton,no,True,False
633,796,1,1,female,49.0,0,0,25.9292,S,First,woman,False,D,Southampton,yes,True,False
634,797,1,3,female,31.0,0,0,8.6833,S,Third,woman,False,,Southampton,yes,True,False
635,798,0,3,male,30.0,0,0,7.2292,C,Third,man,True,,Cherbourg,no,True,False
636,799,0,3,female,30.0,1,1,24.15,S,Third,woman,False,,Southampton,no,False,False
637,800,0,2,male,34.0,0,0,13.0,S,Second,man,True,,Southampton,no,True,False
638,801,1,2,female,31.0,1,1,26.25,S,Second,woman,False,,Southampton,yes,False,False
639,802,1,1,male,11.0,1,2,120.0,S,First,child,False,B,Southampton,yes,False,False
640,803,1,3,male,0.42,0,1,8.5167,C,Third,child,False,,Cherbourg,yes,False,False
641,804,1,3,male,27.0,0,0,6.975,S,Third,man,True,,Southampton,yes,True,False
642,805,0,3,male,31.0,0,0,7.775,S,Third,man,True,,Southampton,no,True,False
643,806,0,1,male,39.0,0,0,0.0,S,First,man,True,A,Southampton,no,True,False
644,807,0,3,female,18.0,0,0,7.775,S,Third,woman,False,,Southampton,no,True,False
645,808,0,2,male,39.0,0,0,13.0,S,Second,man,True,,Southampton,no,True,False
646,809,1,1,female,33.0,1,0,53.1,S,First,woman,False,E,Southampton,yes,False,False
647,810,0,3,male,26.0,0,0,7.8875,S,Third,man,True,,Southampton,no,True,False
648,811,0,3,male,39.0,0,0,24.15,S,Third,man,True,,Southampton,no,True,False
649,812,0,2,male,35.0,0,0,10.5,S,Second,man,True,,Southampton,no,True,False
650,813,0,3,female,6.0,4,2,31.275,S,Third,child,False,,Southampton,no,False,False
651,814,0,3,male,30.5,0,0,8.05,S,Third,man,True,,Southampton,no,True,False
652,816,0,3,female,23.0,0,0,7.925,S,Third,woman,False,,Southampton,no,True,False
653,817,0,2,male,31.0,1,1,37.0042,C,Second,man,True,,Cherbourg,no,False,False
654,818,0,3,male,43.0,0,0,6.45,S,Third,man,True,,Southampton,no,True,False
655,819,0,3,male,10.0,3,2,27.9,S,Third,child,False,,Southampton,no,False,False
656,820,1,1,female,52.0,1,1,93.5,S,First,woman,False,B,Southampton,yes,False,False
657,821,1,3,male,27.0,0,0,8.6625,S,Third,man,True,,Southampton,yes,True,False
658,822,0,1,male,38.0,0,0,0.0,S,First,man,True,,Southampton,no,True,False
659,823,1,3,female,27.0,0,1,12.475,S,Third,woman,False,E,Southampton,yes,False,False
660,824,0,3,male,2.0,4,1,39.6875,S,Third,child,False,,Southampton,no,False,False
661,827,1,2,male,1.0,0,2,37.0042,C,Second,child,False,,Cherbourg,yes,False,False
662,829,1,1,female,62.0,0,0,80.0,,First,woman,False,B,,yes,True,False
663,830,1,3,female,15.0,1,0,14.4542,C,Third,child,False,,Cherbourg,yes,False,False
664,831,1,2,male,0.83,1,1,18.75,S,Second,child,False,,Southampton,yes,False,False
665,833,0,3,male,23.0,0,0,7.8542,S,Third,man,True,,Southampton,no,True,False
666,834,0,3,male,18.0,0,0,8.3,S,Third,man,True,,Southampton,no,True,False
667,835,1,1,female,39.0,1,1,83.1583,C,First,woman,False,E,Cherbourg,yes,False,False
668,836,0,3,male,21.0,0,0,8.6625,S,Third,man,True,,Southampton,no,True,False
669,838,1,3,male,32.0,0,0,56.4958,S,Third,man,True,,Southampton,yes,True,False
670,840,0,3,male,20.0,0,0,7.925,S,Third,man,True,,Southampton,no,True,False
671,841,0,2,male,16.0,0,0,10.5,S,Second,man,True,,Southampton,no,True,False
672,842,1,1,female,30.0,0,0,31.0,C,First,woman,False,,Cherbourg,yes,True,False
673,843,0,3,male,34.5,0,0,6.4375,C,Third,man,True,,Cherbourg,no,True,False
674,844,0,3,male,17.0,0,0,8.6625,S,Third,man,True,,Southampton,no,True,False
675,845,0,3,male,42.0,0,0,7.55,S,Third,man,True,,Southampton,no,True,False
676,847,0,3,male,35.0,0,0,7.8958,C,Third,man,True,,Cherbourg,no,True,False
677,848,0,2,male,28.0,0,1,33.0,S,Second,man,True,,Southampton,no,False,False
678,850,0,3,male,4.0,4,2,31.275,S,Third,child,False,,Southampton,no,False,False
679,851,0,3,male,74.0,0,0,7.775,S,Third,man,True,,Southampton,no,True,False
680,852,0,3,female,9.0,1,1,15.2458,C,Third,child,False,,Cherbourg,no,False,False
681,853,1,1,female,16.0,0,1,39.4,S,First,woman,False,D,Southampton,yes,False,False
682,854,0,2,female,44.0,1,0,26.0,S,Second,woman,False,,Southampton,no,False,False
683,855,1,3,female,18.0,0,1,9.35,S,Third,woman,False,,Southampton,yes,False,False
684,856,1,1,female,45.0,1,1,164.8667,S,First,woman,False,,Southampton,yes,False,False
685,857,1,1,male,51.0,0,0,26.55,S,First,man,True,E,Southampton,yes,True,False
686,858,1,3,female,24.0,0,3,19.2583,C,Third,woman,False,,Cherbourg,yes,False,False
687,860,0,3,male,41.0,2,0,14.1083,S,Third,man,True,,Southampton,no,False,False
688,861,0,2,male,21.0,1,0,11.5,S,Second,man,True,,Southampton,no,False,False
689,862,1,1,female,48.0,0,0,25.9292,S,First,woman,False,D,Southampton,yes,True,False
690,864,0,2,male,24.0,0,0,13.0,S,Second,man,True,,Southampton,no,True,False
691,865,1,2,female,42.0,0,0,13.0,S,Second,woman,False,,Southampton,yes,True,False
692,866,1,2,female,27.0,1,0,13.8583,C,Second,woman,False,,Cherbourg,yes,False,False
693,867,0,1,male,31.0,0,0,50.4958,S,First,man,True,A,Southampton,no,True,False
694,869,1,3,male,4.0,1,1,11.1333,S,Third,child,False,,Southampton,yes,False,False
695,870,0,3,male,26.0,0,0,7.8958,S,Third,man,True,,Southampton,no,True,False
696,871,1,1,female,47.0,1,1,52.5542,S,First,woman,False,D,Southampton,yes,False,False
697,872,0,1,male,33.0,0,0,5.0,S,First,man,True,B,Southampton,no,True,False
698,873,0,3,male,47.0,0,0,9.0,S,Third,man,True,,Southampton,no,True,False
699,874,1,2,female,28.0,1,0,24.0,C,Second,woman,False,,Cherbourg,yes,False,False
700,875,1,3,female,15.0,0,0,7.225,C,Third,child,False,,Cherbourg,yes,True,False
701,876,0,3,male,20.0,0,0,9.8458,S,Third,man,True,,Southampton,no,True,False
702,877,0,3,male,19.0,0,0,7.8958,S,Third,man,True,,Southampton,no,True,False
703,879,1,1,female,56.0,0,1,83.1583,C,First,woman,False,C,Cherbourg,yes,False,False
704,880,1,2,female,25.0,0,1,26.0,S,Second,woman,False,,Southampton,yes,False,False
705,881,0,3,male,33.0,0,0,7.8958,S,Third,man,True,,Southampton,no,True,False
706,882,0,3,female,22.0,0,0,10.5167,S,Third,woman,False,,Southampton,no,True,False
707,883,0,2,male,28.0,0,0,10.5,S,Second,man,True,,Southampton,no,True,False
708,884,0,3,male,25.0,0,0,7.05,S,Third,man,True,,Southampton,no,True,False
709,885,0,3,female,39.0,0,5,29.125,Q,Third,woman,False,,Queenstown,no,False,False
710,886,0,2,male,27.0,0,0,13.0,S,Second,man,True,,Southampton,no,True,False
711,887,1,1,female,19.0,0,0,30.0,S,First,woman,False,B,Southampton,yes,True,False
712,889,1,1,male,26.0,0,0,30.0,C,First,man,True,C,Cherbourg,yes,True,False
713,890,0,3,male,32.0,0,0,7.75,Q,Third,man,True,,Queenstown,no,True,False
